{"cameraMode":{"drawMode":0,"name":"Shaded","section":"Shading Mode"},"sceneLighting":true,"audioPlay":false,"sceneViewState":{"showFog":true,"showMaterialUpdate":false,"showSkybox":true,"showFlares":true,"showImageEffects":true,"showParticleSystems":true},"in2DMode":false,"pivot":{"x":5.741698741912842,"y":6.876256465911865,"z":-3.6044654846191408},"rotation":{"x":-0.019808011129498483,"y":-0.0039016730152070524,"z":0.00007729125354671851,"w":-0.9997983574867249},"size":48.00788879394531,"orthographic":false}